date,IBIT,FBTC,BITB,ARKB,BTCO,EZBC,BRRR,HODL,BTCW,GBTC,BTC,Total
2024/1/11,111.7,227,237.9,65.3,17.4,50.1,29.4,10.6,1,-95.1,-,655.3
2024/1/12,386,195.3,17.4,39.8,28.4,0,20.2,0,0,-484.1,-,203
2024/1/15,-,-,-,-,-,-,-,-,-,-,-,0
2024/1/16,212.7,102,50.2,122.3,31.9,0,15.3,7.3,0,-594.4,-,-52.7
2024/1/17,371.4,358.1,68.2,50.3,57.6,1.2,1.2,4.8,1.6,-460.6,-,453.8
2024/1/18,145.5,177.9,20.1,41.8,58.8,0,9.3,2.3,0,-582.3,-,-126.6
2024/1/19,201.5,222.3,56.7,62.6,63.4,0,10.4,14.2,2.9,-590.4,-,43.6
2024/1/22,260.6,158.7,41.6,65,5.6,4.7,9.7,6.8,0.4,-640.5,-,-87.4
2024/1/23,160.1,157.7,26.3,61.8,0,1.1,0,2.2,0,-515.3,-,-106.1
2024/1/24,66.2,125.7,19.1,24.9,19.9,1.2,9.1,4.5,0.4,-429.3,-,-158.3
2024/1/25,170.7,101,20,16.1,0,0,6.5,0,0,-394.1,-,-79.8
2024/1/26,87.1,100.1,30.9,46.4,0,1.2,1.8,2.4,0,-255.1,-,14.8
2024/1/29,198.4,208.2,20,17.2,3,0,0,0,0,-191.7,-,255.1
2024/1/30,299.2,119.2,21.9,16.8,6.3,2.5,0,0,2.1,-220.7,-,247.3
2024/1/31,116.2,232,17.8,14.8,1.5,0,0.6,2.4,0,-187.7,-,197.6
2024/2/1,163.9,35.8,4.2,15.9,0,0,0,0,0.7,-182,-,38.5
2024/2/2,105.8,78.9,11.5,22.6,0,2.5,0,2.4,0.9,-144.6,-,80
2024/2/5,137.3,38,0,0,0,0,0,0,0.7,-107.9,-,68.1
2024/2/6,45.2,37.7,11.3,8.6,0,0,0,2.4,1.1,-72.7,-,33.6
2024/2/7,56.2,130.1,21.4,3.3,8.6,5.1,1.2,0,0.9,-80.8,-,146
2024/2/8,204.1,128.3,60.5,86.4,13.4,0,1.9,10.3,1.7,-101.6,-,405
2024/2/9,250.7,188.4,29.1,136.5,-17.4,1.4,1.4,2.7,0.5,-51.8,-,541.5
2024/2/12,374.7,151.9,33,40,-20.8,0,1.1,8.5,0,-95,-,493.4
2024/2/13,493.1,163.6,10.8,40,0,0,0,0,1.6,-72.8,-,636.3
2024/2/14,224.3,118.9,47.2,101.5,-37.5,9,1,2.9,3.6,-131.2,-,339.7
2024/2/15,330.9,97.4,120.2,88.9,1.3,3,7.4,2.9,0,-174.6,-,477.4
2024/2/16,191.4,116.7,20.9,140,1,0,7.9,0,2.8,-150.4,-,330.3
2024/2/19,-,-,-,-,-,-,-,-,-,-,-,0
2024/2/20,154.3,71.7,11.1,27.4,0,0,0,5.9,2.2,-137,-,135.6
2024/2/21,96.5,52.5,0,10.7,1,3,0,0,0,-199.3,-,-35.6
2024/2/22,125.1,158.9,7.9,6.7,0,0,1.2,2.9,4.4,-55.7,-,251.4
2024/2/23,167.5,52.5,12,34.5,0,1.5,0,8.7,0,-44.2,-,232.5
2024/2/26,111.8,243.3,37.2,130.6,4.4,7.9,0,6.2,0.9,-22.4,-,519.9
2024/2/27,520.2,126,18.4,5.4,2.6,16.6,0,9.7,3.6,-125.6,-,576.9
2024/2/28,612.1,245.2,9.9,23.8,0,0,0,-3.4,2.2,-216.4,-,673.4
2024/2/29,603.9,44.8,21.7,9.9,-1.5,5.4,0,7,0,-598.9,-,92.3
2024/3/1,202.5,49.3,42.3,55.1,0,5.4,0,-1.8,0,-492.4,-,-139.6
2024/3/4,420.1,404.6,90.9,38.2,-25.7,7.8,3.7,-5.7,-3.2,-368,-,562.7
2024/3/5,788.3,125.6,3.7,63.7,-14.2,3.6,0,3.5,6.6,-332.5,-,648.3
2024/3/6,281.7,205.7,28.6,41.3,3,5.8,40.7,0,1.4,-276.2,-,332
2024/3/7,244.2,473.4,41.4,42.1,0,0,41.8,1.9,2.5,-374.8,-,472.5
2024/3/8,336.3,130.3,8,1.7,-7.6,8,41.4,7.8,0,-302.9,-,223
2024/3/11,562.9,215.5,49.8,13,-9.7,0,43.4,118.8,5.8,-494.1,-,505.4
2024/3/12,849,51.6,24.6,93,-19.7,0,39.6,82.9,3,-79,-,1045
2024/3/13,586.5,281.5,5.6,44.6,0,19.1,4.1,16.5,2.3,-276.5,-,683.7
2024/3/14,345.4,13.7,0,3.5,0,4,9.4,13.8,0,-257.1,-,132.7
2024/3/15,139.8,155.6,20.5,0,0,2,1.2,15.8,3.3,-139.4,-,198.8
2024/3/18,451.5,5.9,17.6,2.7,0,0,4.8,5.7,0,-642.5,-,-154.3
2024/3/19,75.2,39.6,2.5,0,0,0,0,0,0,-443.5,-,-326.2
2024/3/20,49.3,12.9,18.6,23.3,-10.2,19,2.9,9.3,0,-386.6,-,-261.5
2024/3/21,233.4,2.9,12,2,4.2,3.8,4.7,1.8,0,-358.8,-,-94
2024/3/22,18.9,18.1,16.3,5.4,4.5,29.6,25.5,0,0,-169.9,-,-51.6
2024/3/25,35.5,261.8,14,0,18.5,20.5,11.2,4,0,-350.1,-,15.4
2024/3/26,162.2,279.1,16.7,73.6,26.7,26.3,29.9,15.8,0,-212.3,-,418
2024/3/27,323.8,1.5,0,200.7,4.8,4,5.1,1.9,1.5,-299.8,-,243.5
2024/3/28,95.1,68.1,67,27.6,3.9,0,6,20,0,-104.9,-,182.8
2024/3/29,-,-,-,-,-,-,-,-,-,-,-,0
2024/4/1,165.9,44,1.1,-0.3,4.2,0,0,2,0,-302.6,-,-85.7
2024/4/2,150.5,44.8,4.3,-87.5,0,0,3.7,5.6,0,-81.9,-,39.5
2024/4/3,42,116.7,23,0,0,3.8,0,0,3.1,-75.1,-,113.5
2024/4/4,144,106.6,11.2,12,0,0,3.4,15.5,0,-79.3,-,213.4
2024/4/5,308.8,83,7.4,0,2.7,0,0,0,0,-198.9,-,203
2024/4/8,21.3,6.3,40.3,9.3,0,0,0,0,2.3,-303.3,-,-223.8
2024/4/9,128.7,3,3.8,0,0,0,0,0,0,-154.9,-,-19.4
2024/4/10,33.3,76.3,24.3,7.3,0,0,0,0,0,-17.5,-,123.7
2024/4/11,192.1,4.6,11.1,0,0,0,8.4,0,0,-124.9,-,91.3
2024/4/12,111.1,0,0,0,0,0,0,0,0,-166.2,-,-55.1
2024/4/15,73.4,0,0,0,0,0,0,0,0,-110.1,-,-36.7
2024/4/16,25.8,1.4,0,-12.9,0,1.8,1.7,3.6,0,-79.4,-,-58
2024/4/17,18.1,0,-7.3,-42.7,0,0,0,0,0,-133.1,-,-165
2024/4/18,18.8,37.4,12.8,9.5,0,0,0,7.2,0,-90,-,-4.3
2024/4/19,29.3,54.8,4.9,12.5,3.9,1.9,0,-1.8,0,-45.8,-,59.7
2024/4/22,19.7,34.8,2.2,22.6,2.7,7.7,0,7.5,0,-35,-,62.2
2024/4/23,37.9,4.4,23.2,33.3,-0.3,1.9,0,-1.9,0,-66.9,-,31.6
2024/4/24,0,5.6,0,4.2,0,0,0,0,0,-130.4,-,-120.6
2024/4/25,0,-22.6,-6,-31.3,0,1.9,-20.2,0,0,-139.4,-,-217.6
2024/4/26,0,-2.8,-3.8,5.4,0,0,0,0,0,-82.4,-,-83.6
2024/4/29,0,-6.9,6.8,-31.3,0,1.8,2.7,0,0,-24.7,-,-51.6
2024/4/30,0,-35.3,-34.3,3.6,-2.4,0,0,0,0,-93.2,-,-161.6
2024/5/1,-36.9,-191.1,-29,-98.1,-5.4,-13.4,-9.7,-6.5,-6.2,-167.4,-,-563.7
2024/5/2,0,0,0,13.3,1.5,3.4,2.3,0,0,-54.9,-,-34.4
2024/5/3,12.7,102.6,33.5,28.1,33.2,60.9,35.6,8.7,0,63,-,378.3
2024/5/6,21.5,99.2,2.1,75.6,11.1,1.8,0,1.8,0,3.9,-,217
2024/5/7,0,4.1,0,2.8,6,0,0,0,0,-28.6,-,-15.7
2024/5/8,0,0,11.5,0,0,0,0,0,0,0,-,11.5
2024/5/9,14.2,2.7,6.8,4.4,2.2,1.8,0,0,0,-43.4,-,-11.3
2024/5/10,12.4,5.3,0,0,0,0,0,0,0.6,-103,-,-84.7
2024/5/13,0,38.6,20.3,0,0,0,0,7.1,0,0,-,66
2024/5/14,0,8.1,0,133.1,5.5,1.8,1.2,1.7,0,-50.9,-,100.5
2024/5/15,0,131.3,86.3,38.6,4.6,1.9,3.7,7.5,2.1,27,-,303
2024/5/16,93.7,67.1,1.4,62,6.2,3.8,18.5,0,0,4.6,-,257.3
2024/5/17,38.1,99.4,20.8,10,5.7,0,6.4,9.5,0,31.6,-,221.5
2024/5/20,66.4,64,24,68.3,0,0,0,0,5.2,9.3,-,237.2
2024/5/21,290,25.8,-4.2,0,0,0,0,-5.9,0,0,-,305.7
2024/5/22,92,74.6,0,3.5,0,0,0,0,0,-16.1,-,154
2024/5/23,89,19.1,0,2,2,0,0,9.5,0,-13.7,-,107.9
2024/5/24,182.1,43.7,6.4,4.1,0,0,0,15.6,0,0,-,251.9
2024/5/27,-,-,-,-,-,-,-,-,-,-,-,0
2024/5/28,102.5,34.3,3.3,4.1,3.4,0,1.2,0,1.4,-105.2,-,45
2024/5/29,24.6,17.7,11,4,1,0,0,0,1.1,-31.1,-,28.3
2024/5/30,1.6,119.1,25.9,-99.9,2.1,0,0,0,0,0,-,48.8
2024/5/31,169.1,5.9,0,0,0,0,0,-1.9,0,-124.3,-,48.8
2024/6/3,0,77,14.3,10.7,0,0,0,2,1.1,0,-,105.1
2024/6/4,274.4,378.7,61,138.7,0,0,1.6,4,0,28.2,-,886.6
2024/6/5,155.4,220.6,18.5,71.4,3.6,0,0,4,0,14.6,-,488.1
2024/6/6,349.9,3.1,-3.1,-96.6,0,0,0,2,0,-37.6,-,217.7
2024/6/7,168.3,0,-7.9,6.9,0,0,0,0,0,-36.3,-,131
2024/6/10,6.3,-3,7.6,0,-20.5,0,-15.8,0,0,-39.5,-,-64.9
2024/6/11,0,-7.4,-11.7,-56.5,0,0,0,-3.8,0,-121,-,-200.4
2024/6/12,15.6,50.6,14.5,8.5,0,0,0,11.6,0,0,-,100.8
2024/6/13,18.2,-106.4,-9.8,-52.7,-2.7,0,0,-11.3,0,-61.5,-,-226.2
2024/6/14,1.5,-80.1,-7.1,-49,-2.9,0,0,0,0,-52.3,-,-189.9
2024/6/17,0,-92,2.9,-50,0,0,0,-3.8,0,-3,-,-145.9
2024/6/18,0,-83.1,-7,0,0,0,0,0,0,-62.3,-,-152.4
2024/6/19,-,-,-,-,-,-,-,-,-,-,-,0
2024/6/20,1.5,-51.1,-31.5,0,-2,0,0,-3.7,0,-53.1,-,-139.9
2024/6/21,0,-44.8,0,-28.8,0,1.9,0,0,0,-34.2,-,-105.9
2024/6/24,0,-35.2,-8.2,-7.2,-2.4,-20.9,0,-10.2,0,-90.4,-,-174.5
2024/6/25,0,48.8,15.2,-6.2,0,0,0,3.5,0,-30.3,-,31
2024/6/26,0,18.6,0,-4.9,0,0,0,3.4,0,4.3,-,21.4
2024/6/27,0,6.7,8,1.8,3.1,3.6,0,0,0,-11.4,-,11.8
2024/6/28,82.4,-25,0,42.8,0,0,0,0,0,-27.2,-,73
2024/7/1,0,65,41.4,12.7,3.2,1.8,0,5.4,0,0,-,129.5
2024/7/2,14.1,5.4,-6.8,2.5,0,0,0,3.5,0,-32.4,-,-13.7
2024/7/3,0,6.5,0,0,0,0,0,0,0,-27,-,-20.5
2024/7/4,-,-,-,-,-,-,-,-,-,-,-,0
2024/7/5,0,117.4,30.2,11.3,0,0,0,12.8,0,-28.6,-,143.1
2024/7/8,187.2,61.5,11,8.4,0,0,0,1.6,0,25.1,-,294.8
2024/7/9,121,91,-4.7,43.3,0,0,0,3.3,0,-37.5,-,216.4
2024/7/10,22.2,57.8,4.7,5.7,9.5,31.7,20.7,3.3,0,-8.2,-,147.4
2024/7/11,72.1,32.7,7.5,4.3,0,0,0,0,0,-37.7,-,78.9
2024/7/12,120,115.1,28.4,13,4,0,0,6.6,0,23,-,310.1
2024/7/15,117.2,36.1,15.2,117.2,7.9,3.7,0,3.6,0,0,-,300.9
2024/7/16,260.2,61.1,17.3,29.8,20.5,9.4,2.2,22,0,0,-,422.5
2024/7/17,110.4,2.8,-6,0,0,0,0,0,0,-53.9,-,53.3
2024/7/18,102.7,2.8,0,-47.6,0,0,0,1.8,0,-22.5,-,37.2
2024/7/19,116.2,141,44.6,43.6,6.4,3.9,7.6,41.8,1.8,20.3,-,427.2
2024/7/22,526.7,23.7,-47.7,0,13.7,7.9,0,-38.4,0,0,-,485.9
2024/7/23,71.9,0,-70.3,-52.3,0,0,0,0,0,-27.3,-,-78
2024/7/24,66,1.4,0,3.3,0,0,0,0,0,-26.2,-,44.5
2024/7/25,70.7,0,0,0,0,0,0,0,0,-39.6,-,31.1
2024/7/26,23.2,4.5,31.4,0,0,0,0,19.2,0,-26.5,-,51.8
2024/7/29,205.6,-5.9,-21.3,0,0,0,0,0,0,-54.3,-,124.1
2024/7/30,74.9,-2.9,-3.2,-7.9,0,0,0,-5.6,0,-73.6,-,-18.3
2024/7/31,21,-31.6,-2.5,-4.6,0,0,0,0,0,0,18,0.3
2024/8/1,25.9,-48.4,-20.7,-22.4,0,0,0,-3.6,0,-71.3,191.1,50.6
2024/8/2,42.8,-104.1,-29.4,-87.7,0,0,0,-23,0,-45.9,9.9,-237.4
2024/8/5,0,-58,2.9,-69,0,0,0,3,0,-69.1,21.8,-168.4
2024/8/6,0,-64.5,0,-28.9,0,-23,0,0,0,-32.2,0,-148.6
2024/8/7,52.5,0,3,0,0,0,0,0,10.5,-30.6,9.7,45.1
2024/8/8,157.6,65.2,0,32.8,0,0,0,3.4,118.5,-182.9,0,194.6
2024/8/9,9.6,-19.8,-18.1,0,0,0,0,0,0,-77,15.6,-89.7
2024/8/12,13.4,0,-17.1,35.4,0,0,0,0,0,-11.8,7.9,27.8
2024/8/13,34.6,22.6,16.5,-6.1,0,0,0,0,0,-28.6,0,39
2024/8/14,2.7,-18,-5.8,-6.8,0,3.4,0,0,0,-56.9,0,-81.4
2024/8/15,0,16.2,6.2,0,0,0,0,0,0,-25,13.7,11.1
2024/8/16,20.4,61.3,12,13.4,0,1.7,0,0,0,-72.9,0,35.9
2024/8/19,92.7,3.9,-25.7,0,-8.8,0,0,0,0,0,0,62.1
2024/8/20,55.4,0,-6.5,51.9,0,0,0,0,0,-12.8,0,88
2024/8/21,8.4,10.7,10,0,2.5,3.5,0,0,0,-9.8,14.2,39.5
2024/8/22,75.5,9.2,-11.5,7.8,0,0,0,3.4,4.8,-28.4,4,64.8
2024/8/23,86.8,64,42.3,23.8,3.2,0,2.3,14.4,0,-35.6,50.8,252
2024/8/26,224.1,-8.3,-16.6,0,0,5.5,0,-7.2,5.1,0,0,202.6
2024/8/27,0,0,-6.8,-102,0,0,0,0,0,-18.3,0,-127.1
2024/8/28,0,-10.4,-8.7,-59.3,0,0,0,-10.1,0,-8,-8.8,-105.3
2024/8/29,-13.5,-31.1,-8.1,5.3,0,0,-1.7,0,0,-22.7,0,-71.8
2024/8/30,0,-12.9,-16.4,-65,-11.1,0,0,0,0,-70.2,0,-175.6
2024/9/2,-,-,-,-,-,-,-,-,-,-,-,0
2024/9/3,0,-162.3,-25,-33.6,-2.3,-8.4,-2.5,-3.3,0,-50.4,0,-287.8
2024/9/4,0,-7.6,9.5,0,0,0,0,-4.9,0,-34.2,0,-37.2
2024/9/5,0,-149.5,-30,0,0,0,0,0,0,-23.2,-8.4,-211.1
2024/9/6,0,-85.5,-14.3,-7.2,0,0,-4.6,0,0,-52.9,-5.5,-170
2024/9/9,-9.1,28.6,22,6.8,3.1,0,0,0,0,-22.8,0,28.6
2024/9/10,0,63.2,0,12.7,0,0,0,0,0,0,41.1,117
2024/9/11,0,12.6,0,-54,2.6,0,0,0,0,-4.6,-0.5,-43.9
2024/9/12,0,11.5,2.2,18.3,0,3.4,0,4.9,0,-6.5,5.2,39
2024/9/13,0,102.1,43.1,99.3,0,5.2,1.7,5.1,0,6.7,0,263.2
2024/9/16,15.8,5.1,0,0,0,5,0,4.9,0,-20.8,2.8,12.8
2024/9/17,0,56.6,45.4,42.2,10.2,8.7,0,20.5,3.2,0,0,186.8
2024/9/18,0,0,-3.9,-43.4,0,0,0,0,0,-8.1,2.7,-52.7
2024/9/19,0,49.9,10.4,81.1,0,7.4,0,0,0,0,9.5,158.3
2024/9/20,0,26.1,15.1,22,3.1,0,5.2,7.1,0,0,13.4,92
2024/9/23,11.5,24.9,0,0,0,0,0,0,0,-40.3,8.4,4.5
2024/9/24,98.9,16.8,17.4,0,0,0,0,0,0,0,2.9,136
2024/9/25,184.4,-33.2,2.1,-47.4,0,0,0,0,0,0,0,105.9
2024/9/26,93.4,74,50.4,113.8,6.5,5.7,4.6,22.1,0,-7.7,2.9,365.7
2024/9/27,110.8,123.6,12.9,203.1,3.3,0,3.3,11.2,0,26.2,0,494.4
2024/9/30,72.2,8.3,-9.7,-9.5,0,0,0,0,0,0,0,61.3
2024/10/1,40.8,-144.7,-32.7,-84.3,0,0,0,-15.8,0,-5.9,0,-242.6
2024/10/2,-13.7,21.1,-11.5,-60.3,0,0,0,0,0,-27.3,0,-91.7
2024/10/3,36,-37.2,2.6,-58,2.4,0,0,0,0,0,0,-54.2
2024/10/4,0,13.6,15.3,5.3,0,0,0,5.3,0,-13.9,0,25.6
2024/10/7,97.9,103.7,13.1,12.6,2.5,0,0,5.4,0,0,0,235.2
2024/10/8,39.6,-48.8,0,0,0,0,0,0,0,-9.4,0,-18.6
2024/10/9,13.9,0,-10,-44.5,0,0,0,0,0,0,0,-40.6
2024/10/10,-10.8,-33.8,-6.2,-30.3,0,0,0,0,0,-18.5,-21.2,-120.8
2024/10/11,0,117.1,38.8,97.6,7.9,0,0,14.3,0,-22.1,0,253.6
2024/10/14,79.5,239.3,100.2,69.8,4.9,5.7,2.8,11.2,0,37.8,4.7,555.9
2024/10/15,288.8,35,0.7,14.7,0,0,0,7.6,2.8,8,13.4,371
2024/10/16,393.4,14.8,12.9,11.5,6.4,11.8,1.9,5.8,0,0,0,458.5
2024/10/17,309,11.7,0,100.2,0,3.9,0,0,0,45.7,0,470.5
2024/10/18,70.4,18,36,109.9,16.1,0,0,23.3,0,0,0,273.7
2024/10/21,329,5.9,-22.1,-6.1,0,0,0,-7.6,0,-4.8,0,294.3
2024/10/22,43,8.8,0,-134.7,0,0,0,3.8,0,0,0,-79.1
2024/10/23,317.5,0,-25.2,-99,0,0,0,-5.6,0,0,4.7,192.4
2024/10/24,165.5,0,29.6,0,0,0,0,0,0,-7.1,0,188
2024/10/25,292,56.9,2.5,33.4,0,0,0,11.3,0,0,5.9,402
2024/10/28,315.2,44.1,38.7,59.8,0,0,0,0,0,0,21.6,479.4
2024/10/29,642.9,133.9,52.5,12.4,0,0,0,16.5,0,-17.3,29.2,870.1
2024/10/30,872,12.6,-23.9,7.2,7.2,0,6.1,4.1,0,0,8,893.3
2024/10/31,318.8,-75.2,-74,-94.2,0,0,1.9,-13.9,0,-31.1,0,32.3
2024/11/1,0,-25.6,-5.6,-24.1,0,0,-1.7,-5.9,0,-5.5,13.5,-54.9
2024/11/4,38.4,-169.6,-79.8,-138.3,0,-17.6,-5.7,-15.3,0,-63.7,-89.5,-541.1
2024/11/5,-44.2,-68.2,19.3,-12.5,0,-6,-1.3,-3.9,0,0,0,-116.8
2024/11/6,-69.1,308.8,100.9,127,0,0,-2.6,17.2,0,30.9,108.8,621.9
2024/11/7,1119.9,190.9,13.4,17.6,0,0,0,4.3,0,7.3,20.4,1373.8
2024/11/8,206.1,33.5,23,0,0,17.8,0,13,0,0,0,293.4
2024/11/11,756.5,135.1,42.7,108.6,8.7,10.1,0,0,0,24.2,28.2,1114.1
2024/11/12,778.3,37.2,0,-5.4,0,0,0,10.1,0,-17.8,15.1,817.5
2024/11/13,230.8,186.1,12.3,14.5,0,0,0,5.1,0,0,61.3,510.1
2024/11/14,126.5,-179.2,-113.9,-161.7,0,0,0,2.5,0,-69.6,-5.3,-400.7
2024/11/15,0,-175.1,-7.4,-108.6,0,0,-1.7,-7.7,0,-22.5,-47,-370
2024/11/18,89.3,60,24.4,13.2,0,0,0,7.7,0,5.8,54.4,254.8
2024/11/19,216.1,256.1,52.8,267.3,0,0,0,7.9,0,16.2,13.1,829.5
2024/11/20,626.5,133.9,9.2,3.8,0,0,0,0,0,0,-,773.4
2024/11/21,608.4,301,68,17.2,0,5.7,0,5.6,0,-7.8,7,1005.1
2024/11/22,513.2,21.7,0,0,5,0,6.2,5.6,0,-67.1,5.7,490.3
2024/11/25,267.8,-134.7,-280.7,-110.9,-10.9,0,0,-8.1,0,-158.2,0.4,-435.3
2024/11/26,0,-95.7,6.5,0,-2.3,0,0,0,0,-36.1,4.8,-122.8
2024/11/27,0,40.2,48,0,0,2.8,0,0,0,0,12,103
2024/11/28,-,-,-,-,-,-,-,-,-,-,-,0
2024/11/29,137.5,106.5,26.5,7.8,0,0,0,33.1,0,0,8.6,320
2024/12/2,338.3,25.1,0,17.2,0,5.6,0,-10.9,0,-28.1,6.4,353.6
2024/12/3,693.3,52.2,7.8,-93.5,0,0,0,16.2,0,0,0,676
2024/12/4,571.7,17.3,6.4,0,0,0,0,0,0,-94.3,55.7,556.8
2024/12/5,770.5,47.5,-10.2,12.3,0,0,0,0,0,-148.8,95.4,766.7
2024/12/6,257,120.2,0,24.9,0,0,0,0,0,-32.3,6.8,376.6
2024/12/9,394.1,175.5,-39,-34.3,0,0,0,0,0,-24.4,7.2,479.1
2024/12/10,295.6,210.5,0,5.8,-11.6,0,0,-5.4,0,-62.8,6.4,438.5
2024/12/11,0,121.9,12.2,52.7,0,0,-2.4,2.9,0,20.1,15.7,223.1
2024/12/12,431.6,30.5,61.4,9,0,0,0,0,2.6,-48.4,110.8,597.5
2024/12/13,393,60,33.2,28.4,0,0,0,8.6,7,-105.8,4.5,428.9
2024/12/16,418.2,116.1,30.7,47.7,0,0,0,0,0,17.6,6.6,636.9
2024/12/17,741.4,-128.2,-24.4,-17,0,0,0,3,0,-84.7,3.8,493.9
2024/12/18,359.6,0,-16.6,-6.6,-25.2,0,0,0,0,-35.9,0,275.3
2024/12/19,0,-208.5,-43.6,-108.4,-26,0,0,-10.9,2,-87.9,-188.6,-671.9
2024/12/20,-72.7,-71.9,0,-87,0,5.6,0,0,0,-57.4,6.4,-277
2024/12/23,31.7,-146,-23.7,-15.7,-25.6,0,0,-2.6,0,-38.4,-6.2,-226.5
2024/12/24,-188.7,-83.2,8.5,-75,0,0,0,0,0,0,0,-338.4
2024/12/25,-,-,-,-,-,-,-,-,-,-,-,0
2024/12/26,56.5,254.4,-8.3,186.9,0,0,0,2.7,0,-24.2,7.2,475.2
2024/12/27,79.4,-208.2,-36,-112.6,-14.2,0,0,0,0,3.7,0,-287.9
2024/12/30,-36.5,-154.6,-31.4,-26.4,0,0,0,0,0,-134.5,-31.7,-415.1
2024/12/31,-23.5,36.8,8.7,-11.2,0,0,0,0,0,-9.6,4.1,5.3
2025/1/1,-,-,-,-,-,-,-,-,-,-,-,0
2025/1/2,-332.6,36.2,48.3,16.5,0,0,0,5.5,0,-23.1,6.9,-242.3
2025/1/3,253.1,357,61.1,222.6,0,0,0,5.6,0,0,8.7,908.1
2025/1/6,209.1,370.2,71.2,152.9,0,8.9,0,17.3,0,73.8,75.2,978.6
2025/1/7,596.1,-86.3,-113.8,-212.6,0,-5.6,0,0,0,-125.4,0,52.4
2025/1/8,-124,-258.7,-11.3,-148.3,-9.4,-8.2,0,0,0,-8.9,0,-568.8
2025/1/9,-,-,-,-,-,-,-,-,-,-,-,0
2025/1/10,-183.6,16.6,-1.6,5.7,0,0,0,0,0,13.5,0,-149.4
2025/1/13,29.5,-113.6,-18.6,-92.4,0,0,0,0,0,-89,0,-284.1
2025/1/14,-219.5,0,-8.9,2.9,0,0,0,5.5,10.2,0,0,-209.8
2025/1/15,31.9,463.1,32.7,138.8,4.5,2.9,0,17,0,50.5,13.7,755.1
2025/1/16,527.9,4.4,2.7,155.4,0,0,0,5.7,0,-70,0,626.1
2025/1/17,375.9,326.3,208.1,97.2,6.3,0,0,11.9,4.5,20.8,21.8,1072.8
2025/1/20,-,-,-,-,-,-,-,-,-,-,-,0
2025/1/21,661.9,7,-17.4,8.5,0,6.2,0,0,0,0,136.4,802.6
2025/1/22,344.3,0,-34.7,-13,0,0,0,0,0,-47.9,0,248.7
2025/1/23,154.6,9.2,42.1,8.4,12.4,0,0,0,0,-49.9,11.9,188.7
2025/1/24,155.7,186.1,-8.6,168.7,0,0,0,0,2.8,0,13,517.7
2025/1/27,63.9,-268.6,-88.6,-50.1,0,0,0,-5.7,0,-108.5,0,-457.6
2025/1/28,30.1,0,0,-11.7,0,0,0,0,0,0,0,18.4
2025/1/29,-28.4,18.2,-4,0,0,0,0,0,0,0,106.2,92
2025/1/30,321.5,209.1,23,12.6,5.2,6.1,0,6,0,0,4.6,588.1
2025/1/31,363.8,0,-56,35.6,0,0,0,5.8,0,-30.6,0,318.6
2025/2/3,0,-177.6,-5.5,-50.7,0,0,0,-8.6,0,8,0,-234.4
2025/2/4,249,0,16.1,56.1,0,0,0,0,0,19.5,0,340.7
2025/2/5,44.4,10.6,0,0,0,0,0,0,11.4,0,0,66.4
2025/2/6,0,-103.2,0,0,0,0,0,0,0,-42.2,5.2,-140.2
2025/2/7,21.9,52.5,10.5,59,0,5.6,0,21.8,0,0,0,171.3
2025/2/10,55.4,-136.1,0,0,-34,-19.8,0,-5.5,0,-46.3,0,-186.3
2025/2/11,23.8,-43.6,-9.3,0,-9.5,-11,0,0,-7.1,0,0,-56.7
2025/2/12,-22.1,-102,-25.9,-97,-9.7,0,-3.7,0,0,-6.9,16.3,-251
2025/2/13,26.2,-94.5,-15.7,-52.7,-4.8,-8.4,0,-1,0,-6.9,0,-157.8
2025/2/14,22.3,94,8,-13.2,0,0,0,-4.4,0,-47,6.5,66.2
2025/2/17,-,-,-,-,-,-,-,-,-,-,-,0
2025/2/18,68.4,-16.4,-112.7,0,0,0,0,0,0,0,0,-60.7
2025/2/19,0,-48.4,0,-8.7,0,0,-2.2,-4.8,0,0,0,-64.1
2025/2/20,-112,-88.2,24.1,-98.3,0,0,0,4.2,0,-33.5,-61.1,-364.8
2025/2/21,21.6,-12.5,-16.6,0,0,0,0,4.7,0,-60.1,0,-62.9
2025/2/24,-158.6,-247,-10.3,-22.6,-15,0,0,-7.3,-12.5,-59.5,-6.2,-539
2025/2/25,-164.4,-344.7,-88.3,-126.2,-62,-74.1,-100,-10,-17.3,-66.1,-85.8,-1138.9
2025/2/26,-418.1,-145.7,-13.6,-60.5,-16.8,-9.7,0,0,-11.5,-22.7,-56,-754.6
2025/2/27,-189,-7.3,17.6,0,0,-7.2,-12.8,-10.6,-53.8,-7.3,-5.5,-275.9
2025/2/28,-244.6,176,4.6,193.7,0,0,0,-7.7,0,-33.3,5.6,94.3
2025/3/3,-78,0,0,58.2,0,0,0,0,0,-54.4,0,-74.2
2025/3/4,0,-46.1,-24,-43.9,-16.5,-35.7,0,0,-13.1,0,35.8,-143.5
2025/3/5,38.9,0,-6.9,0,-9.9,0,0,0,0,0,0,22.1
2025/3/6,-50.6,0,0,-17.8,0,-18,0,-8.2,-5.2,-34.5,0,-134.3
2025/3/7,-39.9,-154.9,-18.6,-160,0,0,0,0.6,0,-36.5,0,-409.3
2025/3/10,-89.2,-134,-6.8,-90.9,-14.2,-13.6,0,0,0,-20.6,0,-369.3
2025/3/11,-151.3,-107.1,-9.1,0,-14.9,-33.7,-3.4,-0.6,-15.4,-35.5,0,-371
2025/3/12,-47.1,0,0,82.6,-12.4,0,0,0,-3.5,-11.8,5.5,13.3
2025/3/13,-,-75.5,-11,-60.2,0,-7,0,0,-14.5,-12.7,0,-180.9
